Date,Three_Mo
05/10/2022,0.89
05/09/2022,0.92
05/06/2022,0.85
05/05/2022,0.85
05/04/2022,0.89
05/03/2022,0.91
05/02/2022,0.90
04/29/2022,0.85
04/28/2022,0.82
04/27/2022,0.82
04/26/2022,0.83
04/25/2022,0.91
04/22/2022,0.83
04/21/2022,0.83
04/20/2022,0.82
04/19/2022,0.81
04/18/2022,0.81
04/14/2022,0.79
04/13/2022,0.75
04/12/2022,0.74
04/11/2022,0.77
04/08/2022,0.70
04/07/2022,0.68
04/06/2022,0.67
04/05/2022,0.65
04/04/2022,0.66
04/01/2022,0.53
03/31/2022,0.52
03/30/2022,0.55
03/29/2022,0.55
03/28/2022,0.59
03/25/2022,0.55
03/24/2022,0.52
03/23/2022,0.50
03/22/2022,0.51
03/21/2022,0.54
03/18/2022,0.42
03/17/2022,0.40
03/16/2022,0.44
03/15/2022,0.46
03/14/2022,0.45
03/11/2022,0.40
03/10/2022,0.39
03/09/2022,0.38
03/08/2022,0.36
03/07/2022,0.38
03/04/2022,0.34
03/03/2022,0.38
03/02/2022,0.34
03/01/2022,0.32
02/28/2022,0.35
02/25/2022,0.33
02/24/2022,0.32
02/23/2022,0.34
02/22/2022,0.37
02/18/2022,0.35
02/17/2022,0.36
02/16/2022,0.38
02/15/2022,0.40
02/14/2022,0.43
02/11/2022,0.36
02/10/2022,0.40
02/09/2022,0.26
02/08/2022,0.25
02/07/2022,0.27
02/04/2022,0.23
02/03/2022,0.20
02/02/2022,0.19
02/01/2022,0.19
01/31/2022,0.22
01/28/2022,0.19
01/27/2022,0.20
01/26/2022,0.19
01/25/2022,0.19
01/24/2022,0.19
01/21/2022,0.17
01/20/2022,0.17
01/19/2022,0.17
01/18/2022,0.16
01/14/2022,0.13
01/13/2022,0.12
01/12/2022,0.12
01/11/2022,0.11
01/10/2022,0.13
01/07/2022,0.10
01/06/2022,0.10
01/05/2022,0.09
01/04/2022,0.08
01/03/2022,0.08
12/31/2021,0.06
12/30/2021,0.05
12/29/2021,0.05
12/28/2021,0.06
12/27/2021,0.06
12/23/2021,0.07
12/22/2021,0.08
12/21/2021,0.07
12/20/2021,0.07
12/17/2021,0.05
12/16/2021,0.05
12/15/2021,0.05
12/14/2021,0.05
12/13/2021,0.05
12/10/2021,0.06
12/09/2021,0.06
12/08/2021,0.07
12/07/2021,0.06
12/06/2021,0.05
12/03/2021,0.06
12/02/2021,0.05
12/01/2021,0.06
11/30/2021,0.05
11/29/2021,0.06
11/26/2021,0.06
11/24/2021,0.06
11/23/2021,0.06
11/22/2021,0.05
11/19/2021,0.05
11/18/2021,0.05
11/17/2021,0.05
11/16/2021,0.05
11/15/2021,0.05
11/12/2021,0.05
11/10/2021,0.05
11/09/2021,0.04
11/08/2021,0.06
11/05/2021,0.05
11/04/2021,0.04
11/03/2021,0.05
11/02/2021,0.05
11/01/2021,0.05
10/29/2021,0.05
10/28/2021,0.06
10/27/2021,0.06
10/26/2021,0.06
10/25/2021,0.06
10/22/2021,0.06
10/21/2021,0.06
10/20/2021,0.05
10/19/2021,0.05
10/18/2021,0.06
10/15/2021,0.05
10/14/2021,0.05
10/13/2021,0.05
10/12/2021,0.06
10/08/2021,0.05
10/07/2021,0.05
10/06/2021,0.04
10/05/2021,0.04
10/04/2021,0.04
10/01/2021,0.04
09/30/2021,0.04
09/29/2021,0.04
09/28/2021,0.04
09/27/2021,0.04
09/24/2021,0.03
09/23/2021,0.03
09/22/2021,0.03
09/21/2021,0.03
09/20/2021,0.04
09/17/2021,0.04
09/16/2021,0.04
09/15/2021,0.04
09/14/2021,0.04
09/13/2021,0.06
09/10/2021,0.05
09/09/2021,0.04
09/08/2021,0.05
09/07/2021,0.05
09/03/2021,0.05
09/02/2021,0.05
09/01/2021,0.05
08/31/2021,0.04
08/30/2021,0.05
08/27/2021,0.05
08/26/2021,0.05
08/25/2021,0.06
08/24/2021,0.05
08/23/2021,0.05
08/20/2021,0.05
08/19/2021,0.06
08/18/2021,0.07
08/17/2021,0.07
08/16/2021,0.06
08/13/2021,0.06
08/12/2021,0.06
08/11/2021,0.05
08/10/2021,0.05
08/09/2021,0.06
08/06/2021,0.06
08/05/2021,0.05
08/04/2021,0.05
08/03/2021,0.05
08/02/2021,0.05
07/30/2021,0.06
07/29/2021,0.06
07/28/2021,0.05
07/27/2021,0.05
07/26/2021,0.05
07/23/2021,0.05
07/22/2021,0.05
07/21/2021,0.05
07/20/2021,0.05
07/19/2021,0.05
07/16/2021,0.05
07/15/2021,0.05
07/14/2021,0.06
07/13/2021,0.05
07/12/2021,0.05
07/09/2021,0.06
07/08/2021,0.06
07/07/2021,0.05
07/06/2021,0.05
07/02/2021,0.05
07/01/2021,0.05
06/30/2021,0.05
06/29/2021,0.04
06/28/2021,0.05
06/25/2021,0.06
06/24/2021,0.05
06/23/2021,0.05
06/22/2021,0.04
06/21/2021,0.05
06/18/2021,0.05
06/17/2021,0.04
06/16/2021,0.04
06/15/2021,0.03
06/14/2021,0.03
06/11/2021,0.03
06/10/2021,0.03
06/09/2021,0.03
06/08/2021,0.02
06/07/2021,0.02
06/04/2021,0.02
06/03/2021,0.02
06/02/2021,0.02
06/01/2021,0.02
05/28/2021,0.01
05/27/2021,0.02
05/26/2021,0.02
05/25/2021,0.02
05/24/2021,0.02
05/21/2021,0.01
05/20/2021,0.01
05/19/2021,0.01
05/18/2021,0.02
05/17/2021,0.02
05/14/2021,0.01
05/13/2021,0.02
05/12/2021,0.02
05/11/2021,0.01
05/10/2021,0.02
05/07/2021,0.02
05/06/2021,0.02
05/05/2021,0.02
05/04/2021,0.02
05/03/2021,0.04
04/30/2021,0.01
04/29/2021,0.01
04/28/2021,0.01
04/27/2021,0.01
04/26/2021,0.03
04/23/2021,0.03
04/22/2021,0.03
04/21/2021,0.03
04/20/2021,0.03
04/19/2021,0.02
04/16/2021,0.02
04/15/2021,0.02
04/14/2021,0.02
04/13/2021,0.03
04/12/2021,0.02
04/09/2021,0.02
04/08/2021,0.01
04/07/2021,0.02
04/06/2021,0.02
04/05/2021,0.03
04/02/2021,0.02
04/01/2021,0.02
03/31/2021,0.03
03/30/2021,0.02
03/29/2021,0.03
03/26/2021,0.02
03/25/2021,0.02
03/24/2021,0.02
03/23/2021,0.01
03/22/2021,0.03
03/19/2021,0.01
03/18/2021,0.01
03/17/2021,0.02
03/16/2021,0.02
03/15/2021,0.04
03/12/2021,0.04
03/11/2021,0.04
03/10/2021,0.04
03/09/2021,0.05
03/08/2021,0.05
03/05/2021,0.04
03/04/2021,0.04
03/03/2021,0.05
03/02/2021,0.04
03/01/2021,0.05
02/26/2021,0.04
02/25/2021,0.04
02/24/2021,0.03
02/23/2021,0.04
02/22/2021,0.03
02/19/2021,0.04
02/18/2021,0.03
02/17/2021,0.04
02/16/2021,0.04
02/12/2021,0.04
02/11/2021,0.05
02/10/2021,0.05
02/09/2021,0.04
02/08/2021,0.05
02/05/2021,0.03
02/04/2021,0.04
02/03/2021,0.04
02/02/2021,0.07
02/01/2021,0.07
01/29/2021,0.06
01/28/2021,0.07
01/27/2021,0.08
01/26/2021,0.07
01/25/2021,0.09
01/22/2021,0.08
01/21/2021,0.09
01/20/2021,0.08
01/19/2021,0.09
01/15/2021,0.09
01/14/2021,0.09
01/13/2021,0.09
01/12/2021,0.09
01/11/2021,0.08
01/08/2021,0.08
01/07/2021,0.09
01/06/2021,0.09
01/05/2021,0.09
01/04/2021,0.09
12/31/2020,0.09
12/30/2020,0.08
12/29/2020,0.10
12/28/2020,0.11
12/24/2020,0.09
12/23/2020,0.09
12/22/2020,0.09
12/21/2020,0.09
12/18/2020,0.08
12/17/2020,0.08
12/16/2020,0.09
12/15/2020,0.08
12/14/2020,0.09
12/11/2020,0.08
12/10/2020,0.08
12/09/2020,0.08
12/08/2020,0.09
12/07/2020,0.08
12/04/2020,0.09
12/03/2020,0.08
12/02/2020,0.09
12/01/2020,0.09
11/30/2020,0.08
11/27/2020,0.09
11/25/2020,0.09
11/24/2020,0.09
11/23/2020,0.08
11/20/2020,0.07
11/19/2020,0.07
11/18/2020,0.09
11/17/2020,0.09
11/16/2020,0.09
11/13/2020,0.09
11/12/2020,0.10
11/10/2020,0.10
11/09/2020,0.11
11/06/2020,0.10
11/05/2020,0.10
11/04/2020,0.10
11/03/2020,0.10
11/02/2020,0.09
10/30/2020,0.09
10/29/2020,0.09
10/28/2020,0.10
10/27/2020,0.10
10/26/2020,0.11
10/23/2020,0.10
10/22/2020,0.09
10/21/2020,0.10
10/20/2020,0.10
10/19/2020,0.11
10/16/2020,0.11
10/15/2020,0.11
10/14/2020,0.12
10/13/2020,0.11
10/09/2020,0.10
10/08/2020,0.09
10/07/2020,0.10
10/06/2020,0.10
10/05/2020,0.10
10/02/2020,0.09
10/01/2020,0.09
09/30/2020,0.10
09/29/2020,0.09
09/28/2020,0.11
09/25/2020,0.10
09/24/2020,0.10
09/23/2020,0.11
09/22/2020,0.10
09/21/2020,0.10
09/18/2020,0.10
09/17/2020,0.09
09/16/2020,0.12
09/15/2020,0.11
09/14/2020,0.11
09/11/2020,0.11
09/10/2020,0.12
09/09/2020,0.12
09/08/2020,0.13
09/04/2020,0.11
09/03/2020,0.11
09/02/2020,0.12
09/01/2020,0.12
08/31/2020,0.11
08/28/2020,0.10
08/27/2020,0.11
08/26/2020,0.11
08/25/2020,0.11
08/24/2020,0.12
08/21/2020,0.10
08/20/2020,0.11
08/19/2020,0.11
08/18/2020,0.09
08/17/2020,0.10
08/14/2020,0.10
08/13/2020,0.10
08/12/2020,0.11
08/11/2020,0.11
08/10/2020,0.11
08/07/2020,0.10
08/06/2020,0.10
08/05/2020,0.10
08/04/2020,0.09
08/03/2020,0.10
07/31/2020,0.09
07/30/2020,0.09
07/29/2020,0.11
07/28/2020,0.11
07/27/2020,0.11
07/24/2020,0.11
07/23/2020,0.12
07/22/2020,0.13
07/21/2020,0.13
07/20/2020,0.13
07/17/2020,0.11
07/16/2020,0.11
07/15/2020,0.16
07/14/2020,0.15
07/13/2020,0.14
07/10/2020,0.13
07/09/2020,0.13
07/08/2020,0.15
07/07/2020,0.15
07/06/2020,0.15
07/02/2020,0.14
07/01/2020,0.14
06/30/2020,0.16
06/29/2020,0.14
06/26/2020,0.14
06/25/2020,0.16
06/24/2020,0.15
06/23/2020,0.16
06/22/2020,0.16
06/19/2020,0.15
06/18/2020,0.16
06/17/2020,0.17
06/16/2020,0.17
06/15/2020,0.18
06/12/2020,0.16
06/11/2020,0.17
06/10/2020,0.17
06/09/2020,0.19
06/08/2020,0.17
06/05/2020,0.15
06/04/2020,0.15
06/03/2020,0.16
06/02/2020,0.15
06/01/2020,0.14
05/29/2020,0.14
05/28/2020,0.15
05/27/2020,0.15
05/26/2020,0.14
05/22/2020,0.12
05/21/2020,0.12
05/20/2020,0.12
05/19/2020,0.13
05/18/2020,0.13
05/15/2020,0.12
05/14/2020,0.12
05/13/2020,0.13
05/12/2020,0.13
05/11/2020,0.12
05/08/2020,0.12
05/07/2020,0.11
05/06/2020,0.12
05/05/2020,0.13
05/04/2020,0.13
05/01/2020,0.12
04/30/2020,0.09
04/29/2020,0.10
04/28/2020,0.11
04/27/2020,0.12
04/24/2020,0.12
04/23/2020,0.11
04/22/2020,0.12
04/21/2020,0.11
04/20/2020,0.12
04/17/2020,0.12
04/16/2020,0.14
04/15/2020,0.14
04/14/2020,0.20
04/13/2020,0.26
04/09/2020,0.25
04/08/2020,0.22
04/07/2020,0.14
04/06/2020,0.15
04/03/2020,0.10
04/02/2020,0.09
04/01/2020,0.09
03/31/2020,0.11
03/30/2020,0.12
03/27/2020,0.03
03/26/2020,0.00
03/25/2020,0.00
03/24/2020,0.01
03/23/2020,0.02
03/20/2020,0.05
03/19/2020,0.04
03/18/2020,0.02
03/17/2020,0.19
03/16/2020,0.24
03/13/2020,0.28
03/12/2020,0.33
03/11/2020,0.42
03/10/2020,0.44
03/09/2020,0.33
03/06/2020,0.45
03/05/2020,0.62
03/04/2020,0.72
03/03/2020,0.95
03/02/2020,1.13
02/28/2020,1.27
02/27/2020,1.45
02/26/2020,1.53
02/25/2020,1.53
02/24/2020,1.53
02/21/2020,1.56
02/20/2020,1.58
02/19/2020,1.58
02/18/2020,1.58
02/14/2020,1.58
02/13/2020,1.59
02/12/2020,1.58
02/11/2020,1.57
02/10/2020,1.58
02/07/2020,1.56
02/06/2020,1.57
02/05/2020,1.57
02/04/2020,1.57
02/03/2020,1.57
01/31/2020,1.55
01/30/2020,1.57
01/29/2020,1.56
01/28/2020,1.57
01/27/2020,1.55
01/24/2020,1.54
01/23/2020,1.55
01/22/2020,1.55
01/21/2020,1.56
01/17/2020,1.56
01/16/2020,1.55
01/15/2020,1.57
01/14/2020,1.57
01/13/2020,1.57
01/10/2020,1.54
01/09/2020,1.54
01/08/2020,1.54
01/07/2020,1.54
01/06/2020,1.56
01/03/2020,1.52
01/02/2020,1.54
12/31/2019,1.55
12/30/2019,1.57
12/27/2019,1.57
12/26/2019,1.58
12/24/2019,1.58
12/23/2019,1.59
12/20/2019,1.58
12/19/2019,1.57
12/18/2019,1.56
12/17/2019,1.56
12/16/2019,1.57
12/13/2019,1.57
12/12/2019,1.56
12/11/2019,1.57
12/10/2019,1.56
12/09/2019,1.54
12/06/2019,1.53
12/05/2019,1.54
12/04/2019,1.55
12/03/2019,1.57
12/02/2019,1.60
11/29/2019,1.59
11/27/2019,1.62
11/26/2019,1.60
11/25/2019,1.61
11/22/2019,1.58
11/21/2019,1.58
11/20/2019,1.57
11/19/2019,1.57
11/18/2019,1.57
11/15/2019,1.57
11/14/2019,1.57
11/13/2019,1.57
11/12/2019,1.59
11/08/2019,1.55
11/07/2019,1.56
11/06/2019,1.56
11/05/2019,1.56
11/04/2019,1.53
11/01/2019,1.52
10/31/2019,1.54
10/30/2019,1.62
10/29/2019,1.63
10/28/2019,1.65
10/25/2019,1.66
10/24/2019,1.67
10/23/2019,1.65
10/22/2019,1.65
10/21/2019,1.67
10/18/2019,1.66
10/17/2019,1.66
10/16/2019,1.66
10/15/2019,1.67
10/11/2019,1.68
10/10/2019,1.68
10/09/2019,1.69
10/08/2019,1.72
10/07/2019,1.75
10/04/2019,1.71
10/03/2019,1.70
10/02/2019,1.79
10/01/2019,1.82
09/30/2019,1.88
09/27/2019,1.80
09/26/2019,1.83
09/25/2019,1.89
09/24/2019,1.92
09/23/2019,1.94
09/20/2019,1.91
09/19/2019,1.93
09/18/2019,1.95
09/17/2019,1.99
09/16/2019,1.99
09/13/2019,1.96
09/12/2019,1.95
09/11/2019,1.96
09/10/2019,1.95
09/09/2019,1.96
09/06/2019,1.96
09/05/2019,1.97
09/04/2019,1.97
09/03/2019,1.98
08/30/2019,1.99
08/29/2019,1.99
08/28/2019,1.99
08/27/2019,1.98
08/26/2019,2.01
08/23/2019,1.97
08/22/2019,2.00
08/21/2019,1.97
08/20/2019,1.94
08/19/2019,1.94
08/16/2019,1.87
08/15/2019,1.91
08/14/2019,1.96
08/13/2019,2.00
08/12/2019,2.00
08/09/2019,2.00
08/08/2019,2.02
08/07/2019,2.02
08/06/2019,2.05
08/05/2019,2.05
08/02/2019,2.06
08/01/2019,2.07
07/31/2019,2.08
07/30/2019,2.08
07/29/2019,2.12
07/26/2019,2.12
07/25/2019,2.10
07/24/2019,2.10
07/23/2019,2.06
07/22/2019,2.09
07/19/2019,2.06
07/18/2019,2.05
07/17/2019,2.14
07/16/2019,2.15
07/15/2019,2.16
07/12/2019,2.14
07/11/2019,2.17
07/10/2019,2.20
07/09/2019,2.26
07/08/2019,2.26
07/05/2019,2.23
07/03/2019,2.21
07/02/2019,2.20
07/01/2019,2.21
06/28/2019,2.12
06/27/2019,2.14
06/26/2019,2.15
06/25/2019,2.12
06/24/2019,2.13
06/21/2019,2.11
06/20/2019,2.14
06/19/2019,2.18
06/18/2019,2.22
06/17/2019,2.23
06/14/2019,2.20
06/13/2019,2.19
06/12/2019,2.24
06/11/2019,2.27
06/10/2019,2.29
06/07/2019,2.28
06/06/2019,2.33
06/05/2019,2.35
06/04/2019,2.35
06/03/2019,2.35
05/31/2019,2.35
05/30/2019,2.38
05/29/2019,2.37
05/28/2019,2.37
05/24/2019,2.35
05/23/2019,2.37
05/22/2019,2.38
05/21/2019,2.39
05/20/2019,2.39
05/17/2019,2.39
05/16/2019,2.40
05/15/2019,2.42
05/14/2019,2.41
05/13/2019,2.41
05/10/2019,2.43
05/09/2019,2.43
05/08/2019,2.43
05/07/2019,2.43
05/06/2019,2.44
05/03/2019,2.43
05/02/2019,2.47
05/01/2019,2.43
04/30/2019,2.43
04/29/2019,2.44
04/26/2019,2.42
04/25/2019,2.43
04/24/2019,2.44
04/23/2019,2.45
04/22/2019,2.44
04/18/2019,2.42
04/17/2019,2.44
04/16/2019,2.43
04/15/2019,2.43
04/12/2019,2.44
04/11/2019,2.43
04/10/2019,2.43
04/09/2019,2.42
04/08/2019,2.43
04/05/2019,2.44
04/04/2019,2.44
04/03/2019,2.44
04/02/2019,2.42
04/01/2019,2.43
03/29/2019,2.40
03/28/2019,2.43
03/27/2019,2.44
03/26/2019,2.46
03/25/2019,2.46
03/22/2019,2.46
03/21/2019,2.49
03/20/2019,2.48
03/19/2019,2.46
03/18/2019,2.44
03/15/2019,2.45
03/14/2019,2.45
03/13/2019,2.45
03/12/2019,2.46
03/11/2019,2.46
03/08/2019,2.46
03/07/2019,2.45
03/06/2019,2.47
03/05/2019,2.46
03/04/2019,2.46
03/01/2019,2.44
02/28/2019,2.45
02/27/2019,2.45
02/26/2019,2.45
02/25/2019,2.47
02/22/2019,2.46
02/21/2019,2.45
02/20/2019,2.45
02/19/2019,2.45
02/15/2019,2.43
02/14/2019,2.43
02/13/2019,2.44
02/12/2019,2.43
02/11/2019,2.45
02/08/2019,2.43
02/07/2019,2.42
02/06/2019,2.42
02/05/2019,2.42
02/04/2019,2.42
02/01/2019,2.40
01/31/2019,2.41
01/30/2019,2.42
01/29/2019,2.42
01/28/2019,2.42
01/25/2019,2.39
01/24/2019,2.37
01/23/2019,2.41
01/22/2019,2.43
01/18/2019,2.41
01/17/2019,2.42
01/16/2019,2.43
01/15/2019,2.45
01/14/2019,2.45
01/11/2019,2.43
01/10/2019,2.43
01/09/2019,2.45
01/08/2019,2.46
01/07/2019,2.45
01/04/2019,2.42
01/03/2019,2.41
01/02/2019,2.42
12/31/2018,2.45
12/28/2018,2.40
12/27/2018,2.41
12/26/2018,2.44
12/24/2018,2.45
12/21/2018,2.39
12/20/2018,2.39
12/19/2018,2.40
12/18/2018,2.39
12/17/2018,2.40
12/14/2018,2.42
12/13/2018,2.43
12/12/2018,2.43
12/11/2018,2.41
12/10/2018,2.41
12/07/2018,2.40
12/06/2018,2.41
12/04/2018,2.42
12/03/2018,2.38
11/30/2018,2.37
11/29/2018,2.37
11/28/2018,2.40
11/27/2018,2.41
11/26/2018,2.41
11/23/2018,2.41
11/21/2018,2.41
11/20/2018,2.39
11/19/2018,2.38
11/16/2018,2.36
11/15/2018,2.37
11/14/2018,2.38
11/13/2018,2.38
11/09/2018,2.36
11/08/2018,2.35
11/07/2018,2.37
11/06/2018,2.35
11/05/2018,2.36
11/02/2018,2.33
11/01/2018,2.32
10/31/2018,2.34
10/30/2018,2.33
10/29/2018,2.34
10/26/2018,2.33
10/25/2018,2.34
10/24/2018,2.34
10/23/2018,2.33
10/22/2018,2.34
10/19/2018,2.31
10/18/2018,2.32
10/17/2018,2.31
10/16/2018,2.30
10/15/2018,2.31
10/12/2018,2.28
10/11/2018,2.27
10/10/2018,2.27
10/09/2018,2.25
10/05/2018,2.23
10/04/2018,2.22
10/03/2018,2.23
10/02/2018,2.23
10/01/2018,2.23
09/28/2018,2.19
09/27/2018,2.18
09/26/2018,2.20
09/25/2018,2.21
09/24/2018,2.22
09/21/2018,2.18
09/20/2018,2.17
09/19/2018,2.16
09/18/2018,2.17
09/17/2018,2.16
09/14/2018,2.16
09/13/2018,2.15
09/12/2018,2.16
09/11/2018,2.15
09/10/2018,2.14
09/07/2018,2.14
09/06/2018,2.13
09/05/2018,2.14
09/04/2018,2.13
08/31/2018,2.11
08/30/2018,2.11
08/29/2018,2.13
08/28/2018,2.13
08/27/2018,2.12
08/24/2018,2.09
08/23/2018,2.08
08/22/2018,2.09
08/21/2018,2.08
08/20/2018,2.06
08/17/2018,2.05
08/16/2018,2.07
08/15/2018,2.07
08/14/2018,2.08
08/13/2018,2.06
08/10/2018,2.05
08/09/2018,2.06
08/08/2018,2.06
08/07/2018,2.06
08/06/2018,2.05
08/03/2018,2.01
08/02/2018,2.02
08/01/2018,2.03
07/31/2018,2.03
07/30/2018,2.04
07/27/2018,2.00
07/26/2018,1.99
07/25/2018,2.01
07/24/2018,2.02
07/23/2018,1.99
07/20/2018,1.99
07/19/2018,2.00
07/18/2018,2.00
07/17/2018,2.02
07/16/2018,2.01
07/13/2018,1.98
07/12/2018,1.98
07/11/2018,1.97
07/10/2018,1.99
07/09/2018,1.98
07/06/2018,1.97
07/05/2018,1.96
07/03/2018,1.98
07/02/2018,1.98
06/29/2018,1.93
06/28/2018,1.93
06/27/2018,1.93
06/26/2018,1.93
06/25/2018,1.93
06/22/2018,1.93
06/21/2018,1.94
06/20/2018,1.94
06/19/2018,1.94
06/18/2018,1.94
06/15/2018,1.94
06/14/2018,1.94
06/13/2018,1.94
06/12/2018,1.92
06/11/2018,1.94
06/08/2018,1.93
06/07/2018,1.94
06/06/2018,1.95
06/05/2018,1.94
06/04/2018,1.94
06/01/2018,1.92
05/31/2018,1.93
05/30/2018,1.94
05/29/2018,1.93
05/25/2018,1.90
05/24/2018,1.91
05/23/2018,1.92
05/22/2018,1.93
05/21/2018,1.93
05/18/2018,1.91
05/17/2018,1.92
05/16/2018,1.92
05/15/2018,1.92
05/14/2018,1.93
05/11/2018,1.92
05/10/2018,1.90
05/09/2018,1.88
05/08/2018,1.87
05/07/2018,1.86
05/04/2018,1.84
05/03/2018,1.84
05/02/2018,1.84
05/01/2018,1.85
04/30/2018,1.87
04/27/2018,1.82
04/26/2018,1.82
04/25/2018,1.85
04/24/2018,1.87
04/23/2018,1.87
04/20/2018,1.81
04/19/2018,1.82
04/18/2018,1.81
04/17/2018,1.80
04/16/2018,1.79
04/13/2018,1.76
04/12/2018,1.75
04/11/2018,1.73
04/10/2018,1.74
04/09/2018,1.76
04/06/2018,1.73
04/05/2018,1.72
04/04/2018,1.71
04/03/2018,1.75
04/02/2018,1.77
03/29/2018,1.73
03/28/2018,1.73
03/27/2018,1.77
03/26/2018,1.79
03/23/2018,1.74
03/22/2018,1.72
03/21/2018,1.74
03/20/2018,1.81
03/19/2018,1.80
03/16/2018,1.78
03/15/2018,1.77
03/14/2018,1.76
03/13/2018,1.73
03/12/2018,1.71
03/09/2018,1.67
03/08/2018,1.67
03/07/2018,1.68
03/06/2018,1.68
03/05/2018,1.70
03/02/2018,1.65
03/01/2018,1.63
02/28/2018,1.65
02/27/2018,1.66
02/26/2018,1.66
02/23/2018,1.64
02/22/2018,1.63
02/21/2018,1.64
02/20/2018,1.66
02/16/2018,1.62
02/15/2018,1.58
02/14/2018,1.58
02/13/2018,1.59
02/12/2018,1.62
02/09/2018,1.55
02/08/2018,1.55
02/07/2018,1.55
02/06/2018,1.52
02/05/2018,1.51
02/02/2018,1.48
02/01/2018,1.48
01/31/2018,1.46
01/30/2018,1.44
01/29/2018,1.44
01/26/2018,1.41
01/25/2018,1.42
01/24/2018,1.43
01/23/2018,1.44
01/22/2018,1.44
01/19/2018,1.44
01/18/2018,1.45
01/17/2018,1.44
01/16/2018,1.45
01/12/2018,1.43
01/11/2018,1.43
01/10/2018,1.42
01/09/2018,1.44
01/08/2018,1.45
01/05/2018,1.39
01/04/2018,1.41
01/03/2018,1.41
01/02/2018,1.44
12/29/2017,1.53
12/28/2017,1.54
12/27/2017,1.53
12/26/2017,1.52
12/22/2017,1.54
12/21/2017,1.54
12/20/2017,1.51
12/19/2017,1.51
12/18/2017,1.51
12/15/2017,1.48
12/14/2017,1.48
12/13/2017,1.47
12/12/2017,1.49
12/11/2017,1.47
12/08/2017,1.45
12/07/2017,1.47
12/06/2017,1.48
12/05/2017,1.48
12/04/2017,1.45
12/01/2017,1.45
11/30/2017,1.44
11/29/2017,1.45
11/28/2017,1.46
11/27/2017,1.41
11/24/2017,1.45
11/22/2017,1.45
11/21/2017,1.45
11/20/2017,1.46
11/17/2017,1.42
11/16/2017,1.42
11/15/2017,1.39
11/14/2017,1.40
11/13/2017,1.37
11/10/2017,1.37
11/09/2017,1.36
11/08/2017,1.35
11/07/2017,1.33
11/06/2017,1.30
11/03/2017,1.31
11/02/2017,1.29
11/01/2017,1.30
10/31/2017,1.28
10/30/2017,1.24
10/27/2017,1.28
10/26/2017,1.29
10/25/2017,1.27
10/24/2017,1.27
10/23/2017,1.25
10/20/2017,1.27
10/19/2017,1.25
10/18/2017,1.24
10/17/2017,1.25
10/16/2017,1.24
10/13/2017,1.26
10/12/2017,1.27
10/11/2017,1.25
10/10/2017,1.26
10/06/2017,1.22
10/05/2017,1.21
10/04/2017,1.21
10/03/2017,1.21
10/02/2017,1.22
09/29/2017,1.20
09/28/2017,1.18
09/27/2017,1.20
09/26/2017,1.19
09/25/2017,1.19
09/22/2017,1.19
09/21/2017,1.19
09/20/2017,1.20
09/19/2017,1.19
09/18/2017,1.18
09/15/2017,1.17
09/14/2017,1.17
09/13/2017,1.16
09/12/2017,1.16
09/11/2017,1.16
09/08/2017,1.14
09/07/2017,1.15
09/06/2017,1.17
09/05/2017,1.13
09/01/2017,1.10
08/31/2017,1.08
08/30/2017,1.11
08/29/2017,1.13
08/28/2017,1.12
08/25/2017,1.11
08/24/2017,1.11
08/23/2017,1.11
08/22/2017,1.13
08/21/2017,1.11
08/18/2017,1.13
08/17/2017,1.11
08/16/2017,1.13
08/15/2017,1.16
08/14/2017,1.13
08/11/2017,1.14
08/10/2017,1.14
08/09/2017,1.15
08/08/2017,1.16
08/07/2017,1.14
08/04/2017,1.14
08/03/2017,1.13
08/02/2017,1.15
08/01/2017,1.15
07/31/2017,1.13
07/28/2017,1.13
07/27/2017,1.13
07/26/2017,1.14
07/25/2017,1.15
07/24/2017,1.12
07/21/2017,1.10
07/20/2017,1.12
07/19/2017,1.12
07/18/2017,1.11
07/17/2017,1.10
07/14/2017,1.12
07/13/2017,1.14
07/12/2017,1.13
07/11/2017,1.14
07/10/2017,1.13
07/07/2017,1.14
07/06/2017,1.14
07/05/2017,1.15
07/03/2017,1.13
06/30/2017,1.14
06/29/2017,1.14
06/28/2017,1.12
06/27/2017,1.13
06/26/2017,1.10
06/23/2017,1.10
06/22/2017,1.10
06/21/2017,1.12
06/20/2017,1.14
06/19/2017,1.13
06/16/2017,1.13
06/15/2017,1.13
06/14/2017,1.12
06/13/2017,1.12
06/12/2017,1.09
06/09/2017,1.13
06/08/2017,1.11
06/07/2017,1.09
06/06/2017,1.08
06/05/2017,1.06
06/02/2017,1.06
06/01/2017,1.07
05/31/2017,1.08
05/30/2017,1.07
05/26/2017,1.08
05/25/2017,1.08
05/24/2017,1.07
05/23/2017,1.08
05/22/2017,1.05
05/19/2017,1.03
05/18/2017,1.02
05/17/2017,1.00
05/16/2017,1.04
05/15/2017,1.02
05/12/2017,1.03
05/11/2017,1.04
05/10/2017,1.04
05/09/2017,1.04
05/08/2017,1.02
05/05/2017,1.01
05/04/2017,1.00
05/03/2017,1.00
05/02/2017,0.99
05/01/2017,0.98
04/28/2017,0.99
04/27/2017,0.98
04/26/2017,0.99
04/25/2017,0.98
04/24/2017,0.96
04/21/2017,0.92
04/20/2017,0.93
04/19/2017,0.94
04/18/2017,0.94
04/17/2017,0.94
04/13/2017,0.94
04/12/2017,0.95
04/11/2017,0.94
04/10/2017,0.97
04/07/2017,0.95
04/06/2017,0.94
04/05/2017,0.93
04/04/2017,0.92
04/03/2017,0.92
03/31/2017,0.91
03/30/2017,0.91
03/29/2017,0.92
03/28/2017,0.92
03/27/2017,0.91
03/24/2017,0.89
03/23/2017,0.90
03/22/2017,0.90
03/21/2017,0.91
03/20/2017,0.89
03/17/2017,0.87
03/16/2017,0.89
03/15/2017,0.89
03/14/2017,0.93
03/13/2017,0.93
03/10/2017,0.89
03/09/2017,0.88
03/08/2017,0.86
03/07/2017,0.87
03/06/2017,0.83
03/03/2017,0.84
03/02/2017,0.84
03/01/2017,0.79
02/28/2017,0.69
02/27/2017,0.68
02/24/2017,0.65
02/23/2017,0.66
02/22/2017,0.68
02/21/2017,0.69
02/17/2017,0.66
02/16/2017,0.66
02/15/2017,0.67
02/14/2017,0.66
02/13/2017,0.63
02/10/2017,0.64
02/09/2017,0.64
02/08/2017,0.63
02/07/2017,0.63
02/06/2017,0.62
02/03/2017,0.63
02/02/2017,0.64
02/01/2017,0.65
01/31/2017,0.64
01/30/2017,0.63
01/27/2017,0.63
01/26/2017,0.62
01/25/2017,0.61
01/24/2017,0.62
01/23/2017,0.59
01/20/2017,0.62
01/19/2017,0.62
01/18/2017,0.63
01/17/2017,0.62
01/13/2017,0.61
01/12/2017,0.59
01/11/2017,0.60
01/10/2017,0.60
01/09/2017,0.60
01/06/2017,0.61
01/05/2017,0.62
01/04/2017,0.63
01/03/2017,0.65